INSERT INTO Teacher (teacherId, password, firstName, lastName, email, phoneNumber, curp, birthDate, gender, career)
VALUES
(12345678, 'bd9509aba7d1e5ab68bc526195d369f2418f26f044f5bc2c9af3871a486a6bd3', 'Arturo', 'Sorroza', 'arturo.sorroza@gmail.com', '9512125290', 'LOPA000101HDFRNN01', '1980-01-01', 'M', 'Programación'),
(10000001, 'bd9509aba7d1e5ab68bc526195d369f2418f26f044f5bc2c9af3871a486a6bd3', 'Carlos', 'Martinez', 'carlos.martinez@example.com', '555-1235', 'MARC800101HDFRNN02', '1982-02-02', 'M', 'Physics'),
(10000003, 'bd9509aba7d1e5ab68bc526195d369f2418f26f044f5bc2c9af3871a486a6bd3', 'Laura', 'Garcia', 'laura.garcia@example.com', '555-1236', 'GALA800101HDFRNN03', '1984-03-03', 'F', 'Chemistry'),
(10000004, 'bd9509aba7d1e5ab68bc526195d369f2418f26f044f5bc2c9af3871a486a6bd3', 'Miguel', 'Hernandez', 'miguel.hernandez@example.com', '555-1237', 'HERM800101HDFRNN04', '1986-04-04', 'M', 'Biology'),
(10000005, 'bd9509aba7d1e5ab68bc526195d369f2418f26f044f5bc2c9af3871a486a6bd3', 'Sofia', 'Perez', 'sofia.perez@example.com', '555-1238', 'PESF800101HDFRNN05', '1988-05-05', 'F', 'History'),
(10000006, 'bd9509aba7d1e5ab68bc526195d369f2418f26f044f5bc2c9af3871a486a6bd3', 'Juan', 'Gonzalez', 'juan.gonzalez@example.com', '555-1239', 'GOJU800101HDFRNN06', '1990-06-06', 'M', 'Geography'),
(10000007, 'bd9509aba7d1e5ab68bc526195d369f2418f26f044f5bc2c9af3871a486a6bd3', 'Marta', 'Sanchez', 'marta.sanchez@example.com', '555-1240', 'SAMA800101HDFRNN07', '1992-07-07', 'F', 'Philosophy'),
(10000008, 'bd9509aba7d1e5ab68bc526195d369f2418f26f044f5bc2c9af3871a486a6bd3', 'Pablo', 'Torres', 'pablo.torres@example.com', '555-1241', 'TOPA800101HDFRNN08', '1994-08-08', 'M', 'Literature'),
(10000009, 'bd9509aba7d1e5ab68bc526195d369f2418f26f044f5bc2c9af3871a486a6bd3', 'Elena', 'Ramirez', 'elena.ramirez@example.com', '555-1242', 'RAEL800101HDFRNN09', '1996-09-09', 'F', 'Arts'),
(10000010, 'bd9509aba7d1e5ab68bc526195d369f2418f26f044f5bc2c9af3871a486a6bd3', 'Luis', 'Fernandez', 'luis.fernandez@example.com', '555-1243', 'FELU800101HDFRNN10', '1998-10-10', 'M', 'Music'),
(10000011, 'bd9509aba7d1e5ab68bc526195d369f2418f26f044f5bc2c9af3871a486a6bd3', 'Isabel', 'Mendoza', 'isabel.mendoza@example.com', '555-1244', 'MEIS800101HDFRNN11', '2000-11-11', 'F', 'Mathematics'),
(10000012, 'bd9509aba7d1e5ab68bc526195d369f2418f26f044f5bc2c9af3871a486a6bd3', 'Rafael', 'Ortiz', 'rafael.ortiz@example.com', '555-1245', 'ORRA800101HDFRNN12', '2002-12-12', 'M', 'Physics'),
(10000013, 'bd9509aba7d1e5ab68bc526195d369f2418f26f044f5bc2c9af3871a486a6bd3', 'Clara', 'Vazquez', 'clara.vazquez@example.com', '555-1246', 'VACL800101HDFRNN13', '1981-01-13', 'F', 'Chemistry'),
(10000014, 'bd9509aba7d1e5ab68bc526195d369f2418f26f044f5bc2c9af3871a486a6bd3', 'Diego', 'Mora', 'diego.mora@example.com', '555-1247', 'MODI800101HDFRNN14', '1983-02-14', 'M', 'Biology'),
(10000015, 'bd9509aba7d1e5ab68bc526195d369f2418f26f044f5bc2c9af3871a486a6bd3', 'Patricia', 'Cruz', 'patricia.cruz@example.com', '555-1248', 'CRPA800101HDFRNN15', '1985-03-15', 'F', 'History'),
(10000016, 'bd9509aba7d1e5ab68bc526195d369f2418f26f044f5bc2c9af3871a486a6bd3', 'Andres', 'Ramos', 'andres.ramos@example.com', '555-1249', 'RAAN800101HDFRNN16', '1987-04-16', 'M', 'Geography'),
(10000017, 'bd9509aba7d1e5ab68bc526195d369f2418f26f044f5bc2c9af3871a486a6bd3', 'Teresa', 'Jimenez', 'teresa.jimenez@example.com', '555-1250', 'JITE800101HDFRNN17', '1989-05-17', 'F', 'Philosophy'),
(10000018, 'bd9509aba7d1e5ab68bc526195d369f2418f26f044f5bc2c9af3871a486a6bd3', 'Hector', 'Ruiz', 'hector.ruiz@example.com', '555-1251', 'RUHE800101HDFRNN18', '1991-06-18', 'M', 'Literature'),
(10000019, 'bd9509aba7d1e5ab68bc526195d369f2418f26f044f5bc2c9af3871a486a6bd3', 'Lucia', 'Diaz', 'lucia.diaz@example.com', '555-1252', 'DILU800101HDFRNN19', '1993-07-19', 'F', 'Arts'),
(10000020, 'bd9509aba7d1e5ab68bc526195d369f2418f26f044f5bc2c9af3871a486a6bd3', 'Jorge', 'Morales', 'jorge.morales@example.com', '555-1253', 'MOJO800101HDFRNN20', '1995-08-20', 'M', 'Music'),
(10000021, 'bd9509aba7d1e5ab68bc526195d369f2418f26f044f5bc2c9af3871a486a6bd3', 'Rosa', 'Martinez', 'rosa.martinez@example.com', '555-1254', 'MARO800101HDFRNN21', '1997-09-21', 'F', 'Mathematics'),
(10000022, 'bd9509aba7d1e5ab68bc526195d369f2418f26f044f5bc2c9af3871a486a6bd3', 'Jose', 'Navarro', 'jose.navarro@example.com', '555-1255', 'NAJO800101HDFRNN22', '1999-10-22', 'M', 'Physics'),
(10000023, 'bd9509aba7d1e5ab68bc526195d369f2418f26f044f5bc2c9af3871a486a6bd3', 'Silvia', 'Rojas', 'silvia.rojas@example.com', '555-1256', 'ROSI800101HDFRNN23', '2001-11-23', 'F', 'Chemistry'),
(10000024, 'bd9509aba7d1e5ab68bc526195d369f2418f26f044f5bc2c9af3871a486a6bd3', 'Martin', 'Santos', 'martin.santos@example.com', '555-1257', 'SAMA800101HDFRNN24', '1980-01-24', 'M', 'Biology'),
(10000025, 'bd9509aba7d1e5ab68bc526195d369f2418f26f044f5bc2c9af3871a486a6bd3', 'Gabriela', 'Vargas', 'gabriela.vargas@example.com', '555-1258', 'VAGA800101HDFRNN25', '1982-02-25', 'F', 'History'),
(10000026, 'bd9509aba7d1e5ab68bc526195d369f2418f26f044f5bc2c9af3871a486a6bd3', 'Alberto', 'Castro', 'alberto.castro@example.com', '555-1259', 'CAAL800101HDFRNN26', '1984-03-26', 'M', 'Geography'),
(10000027, 'bd9509aba7d1e5ab68bc526195d369f2418f26f044f5bc2c9af3871a486a6bd3', 'Rebeca', 'Rivera', 'rebeca.rivera@example.com', '555-1260', 'RIRE800101HDFRNN27', '1986-04-27', 'F', 'Philosophy'),
(10000028, 'bd9509aba7d1e5ab68bc526195d369f2418f26f044f5bc2c9af3871a486a6bd3', 'Tomas', 'Soto', 'tomas.soto@example.com', '555-1261', 'SOTO800101HDFRNN28', '1988-05-28', 'M', 'Literature'),
(10000029, 'bd9509aba7d1e5ab68bc526195d369f2418f26f044f5bc2c9af3871a486a6bd3', 'Veronica', 'Romero', 'veronica.romero@example.com', '555-1262', 'ROVE800101HDFRNN29', '1990-06-29', 'F', 'Arts'),
(10000030, 'bd9509aba7d1e5ab68bc526195d369f2418f26f044f5bc2c9af3871a486a6bd3', 'Francisco', 'Ibanez', 'francisco.ibanez@example.com', '555-1263', 'IBFR800101HDFRNN30', '1992-07-30', 'M', 'Music'),
(10000031, 'bd9509aba7d1e5ab68bc526195d369f2418f26f044f5bc2c9af3871a486a6bd3', 'Angela', 'Padilla', 'angela.padilla@example.com', '555-1264', 'PAAN800101HDFRNN31', '1994-08-31', 'F', 'Mathematics'),
(10000032, 'bd9509aba7d1e5ab68bc526195d369f2418f26f044f5bc2c9af3871a486a6bd3', 'Oscar', 'Mejia', 'oscar.mejia@example.com', '555-1265', 'MEOS800101HDFRNN32', '1996-09-01', 'M', 'Physics'),
(10000033, 'bd9509aba7d1e5ab68bc526195d369f2418f26f044f5bc2c9af3871a486a6bd3', 'Alicia', 'Vega', 'alicia.vega@example.com', '555-1266', 'VEAL800101HDFRNN33', '1998-10-02', 'F', 'Chemistry'),
(10000034, 'bd9509aba7d1e5ab68bc526195d369f2418f26f044f5bc2c9af3871a486a6bd3', 'Victor', 'Leon', 'victor.leon@example.com', '555-1267', 'LEVI800101HDFRNN34', '2000-11-03', 'M', 'Biology'),
(10000035, 'bd9509aba7d1e5ab68bc526195d369f2418f26f044f5bc2c9af3871a486a6bd3', 'Ines', 'Carrillo', 'ines.carrillo@example.com', '555-1268', 'CAIN800101HDFRNN35', '2002-12-04', 'F', 'History'),
(10000036, 'bd9509aba7d1e5ab68bc526195d369f2418f26f044f5bc2c9af3871a486a6bd3', 'Pedro', 'Guerrero', 'pedro.guerrero@example.com', '555-1269', 'GUPE800101HDFRNN36', '1981-01-05', 'M', 'Geography'),
(10000037, 'bd9509aba7d1e5ab68bc526195d369f2418f26f044f5bc2c9af3871a486a6bd3', 'Julia', 'Flores', 'julia.flores@example.com', '555-1270', 'FLJU800101HDFRNN37', '1983-02-06', 'F', 'Philosophy'),
(10000038, 'bd9509aba7d1e5ab68bc526195d369f2418f26f044f5bc2c9af3871a486a6bd3', 'Luis', 'Mendoza', 'luis.mendoza@example.com', '555-1271', 'MELU800101HDFRNN38', '1985-03-07', 'M', 'Literature'),
(10000039, 'bd9509aba7d1e5ab68bc526195d369f2418f26f044f5bc2c9af3871a486a6bd3', 'Lorena', 'Herrera', 'lorena.herrera@example.com', '555-1272', 'HELO800101HDFRNN39', '1987-04-08', 'F', 'Arts'),
(10000040, 'bd9509aba7d1e5ab68bc526195d369f2418f26f044f5bc2c9af3871a486a6bd3', 'Juan', 'Romero', 'juan.romero@example.com', '555-1273', 'ROJU800101HDFRNN40', '1989-05-09', 'M', 'Music'),
(10000041, 'bd9509aba7d1e5ab68bc526195d369f2418f26f044f5bc2c9af3871a486a6bd3', 'Marta', 'Marquez', 'marta.marquez@example.com', '555-1274', 'MAMA800101HDFRNN41', '1991-06-10', 'F', 'Mathematics'),
(10000042, 'bd9509aba7d1e5ab68bc526195d369f2418f26f044f5bc2c9af3871a486a6bd3', 'Adrian', 'Luna', 'adrian.luna@example.com', '555-1275', 'LUAD800101HDFRNN42', '1993-07-11', 'M', 'Physics'),
(10000043, 'bd9509aba7d1e5ab68bc526195d369f2418f26f044f5bc2c9af3871a486a6bd3', 'Raquel', 'Ortega', 'raquel.ortega@example.com', '555-1276', 'ORRA800101HDFRNN43', '1995-08-12', 'F', 'Chemistry'),
(10000044, 'bd9509aba7d1e5ab68bc526195d369f2418f26f044f5bc2c9af3871a486a6bd3', 'Samuel', 'Pena', 'samuel.pena@example.com', '555-1277', 'PESA800101HDFRNN44', '1997-09-13', 'M', 'Biology'),
(10000045, 'bd9509aba7d1e5ab68bc526195d369f2418f26f044f5bc2c9af3871a486a6bd3', 'Elena', 'Ruiz', 'elena.ruiz@example.com', '555-1278', 'RUEL800101HDFRNN45', '1999-10-14', 'F', 'History'),
(10000046, 'bd9509aba7d1e5ab68bc526195d369f2418f26f044f5bc2c9af3871a486a6bd3', 'Mario', 'Campos', 'mario.campos@example.com', '555-1279', 'CAMA800101HDFRNN46', '2001-11-15', 'M', 'Geography'),
(10000047, 'bd9509aba7d1e5ab68bc526195d369f2418f26f044f5bc2c9af3871a486a6bd3', 'Paula', 'Nuñez', 'paula.nunez@example.com', '555-1280', 'NUPA800101HDFRNN47', '1980-12-16', 'F', 'Philosophy'),
(10000048, 'bd9509aba7d1e5ab68bc526195d369f2418f26f044f5bc2c9af3871a486a6bd3', 'Antonio', 'Martinez', 'antonio.martinez@example.com', '555-1281', 'MAAN800101HDFRNN48', '1982-01-17', 'M', 'Literature'),
(10000049, 'bd9509aba7d1e5ab68bc526195d369f2418f26f044f5bc2c9af3871a486a6bd3', 'Sandra', 'Soto', 'sandra.soto@example.com', '555-1282', 'SOSA800101HDFRNN49', '1984-02-18', 'F', 'Arts'),
(10000050, 'bd9509aba7d1e5ab68bc526195d369f2418f26f044f5bc2c9af3871a486a6bd3', 'Felipe', 'Garcia', 'felipe.garcia@example.com', '555-1283', 'GAFA800101HDFRNN50', '1986-03-19', 'M', 'Music'),
(10000051, 'bd9509aba7d1e5ab68bc526195d369f2418f26f044f5bc2c9af3871a486a6bd3', 'Ana', 'Reyes', 'ana.reyes@example.com', '555-1284', 'REAN800101HDFRNN51', '1988-04-20', 'F', 'Mathematics'),
(10000052, 'bd9509aba7d1e5ab68bc526195d369f2418f26f044f5bc2c9af3871a486a6bd3', 'Julio', 'Moreno', 'julio.moreno@example.com', '555-1285', 'MOJU800101HDFRNN52', '1990-05-21', 'M', 'Physics'),
(10000053, 'bd9509aba7d1e5ab68bc526195d369f2418f26f044f5bc2c9af3871a486a6bd3', 'Beatriz', 'Gutierrez', 'beatriz.gutierrez@example.com', '555-1286', 'GUBE800101HDFRNN53', '1992-06-22', 'F', 'Chemistry'),
(10000054, 'bd9509aba7d1e5ab68bc526195d369f2418f26f044f5bc2c9af3871a486a6bd3', 'Miguel', 'Molina', 'miguel.molina@example.com', '555-1287', 'MOMI800101HDFRNN54', '1994-07-23', 'M', 'Biology'),
(10000055, 'bd9509aba7d1e5ab68bc526195d369f2418f26f044f5bc2c9af3871a486a6bd3', 'Carmen', 'Espinoza', 'carmen.espinoza@example.com', '555-1288', 'ESCA800101HDFRNN55', '1996-08-24', 'F', 'History'),
(10000056, 'bd9509aba7d1e5ab68bc526195d369f2418f26f044f5bc2c9af3871a486a6bd3', 'Ricardo', 'Delgado', 'ricardo.delgado@example.com', '555-1289', 'DERI800101HDFRNN56', '1998-09-25', 'M', 'Geography'),
(10000057, 'bd9509aba7d1e5ab68bc526195d369f2418f26f044f5bc2c9af3871a486a6bd3', 'Mariana', 'Figueroa', 'mariana.figueroa@example.com', '555-1290', 'FIMA800101HDFRNN57', '2000-10-26', 'F', 'Philosophy'),
(10000058, 'bd9509aba7d1e5ab68bc526195d369f2418f26f044f5bc2c9af3871a486a6bd3', 'Ernesto', 'Lopez', 'ernesto.lopez@example.com', '555-1291', 'LOER800101HDFRNN58', '2002-11-27', 'M', 'Literature'),
(10000059, 'bd9509aba7d1e5ab68bc526195d369f2418f26f044f5bc2c9af3871a486a6bd3', 'Lorena', 'Hernandez', 'lorena.hernandez@example.com', '555-1292', 'HELO800101HDFRNN59', '1981-12-28', 'F', 'Arts'),
(10000060, 'bd9509aba7d1e5ab68bc526195d369f2418f26f044f5bc2c9af3871a486a6bd3', 'Roberto', 'Ortiz', 'roberto.ortiz@example.com', '555-1293', 'ORRO800101HDFRNN60', '1983-01-29', 'M', 'Music'),
(10000061, 'bd9509aba7d1e5ab68bc526195d369f2418f26f044f5bc2c9af3871a486a6bd3', 'Cecilia', 'Gomez', 'cecilia.gomez@example.com', '555-1294', 'GOCE800101HDFRNN61', '1983-01-29', 'F', 'Mathematics'),
(10000062, 'bd9509aba7d1e5ab68bc526195d369f2418f26f044f5bc2c9af3871a486a6bd3', 'Diego', 'Perez', 'diego.perez@example.com', '555-1295', 'PEDI800101HDFRNN62', '1987-03-31', 'M', 'Physics'),
(10000063, 'bd9509aba7d1e5ab68bc526195d369f2418f26f044f5bc2c9af3871a486a6bd3', 'Fernanda', 'Jimenez', 'fernanda.jimenez@example.com', '555-1296', 'JIFE800101HDFRNN63', '1989-04-01', 'F', 'Chemistry'),
(10000064, 'bd9509aba7d1e5ab68bc526195d369f2418f26f044f5bc2c9af3871a486a6bd3', 'Gonzalo', 'Fernandez', 'gonzalo.fernandez@example.com', '555-1297', 'FEGO800101HDFRNN64', '1991-05-02', 'M', 'Biology'),
(10000065, 'bd9509aba7d1e5ab68bc526195d369f2418f26f044f5bc2c9af3871a486a6bd3', 'Margarita', 'Rodriguez', 'margarita.rodriguez@example.com', '555-1298', 'ROMA800101HDFRNN65', '1993-06-03', 'F', 'History'),
(10000066, 'bd9509aba7d1e5ab68bc526195d369f2418f26f044f5bc2c9af3871a486a6bd3', 'Sebastian', 'Morales', 'sebastian.morales@example.com', '555-1299', 'MOSE800101HDFRNN66', '1995-07-04', 'M', 'Geography'),
(10000067, 'bd9509aba7d1e5ab68bc526195d369f2418f26f044f5bc2c9af3871a486a6bd3', 'Patricia', 'Diaz', 'patricia.diaz@example.com', '555-1300', 'DIPA800101HDFRNN67', '1997-08-05', 'F', 'Philosophy'),
(10000068, 'bd9509aba7d1e5ab68bc526195d369f2418f26f044f5bc2c9af3871a486a6bd3', 'Alfredo', 'Ortiz', 'alfredo.ortiz@example.com', '555-1301', 'ORAL800101HDFRNN68', '1999-09-06', 'M', 'Literature'),
(10000069, 'bd9509aba7d1e5ab68bc526195d369f2418f26f044f5bc2c9af3871a486a6bd3', 'Rosario', 'Gomez', 'rosario.gomez@example.com', '555-1302', 'GORO800101HDFRNN69', '2001-10-07', 'F', 'Arts'),
(10000070, 'bd9509aba7d1e5ab68bc526195d369f2418f26f044f5bc2c9af3871a486a6bd3', 'Esteban', 'Lopez', 'esteban.lopez@example.com', '555-1303', 'LOES800101HDFRNN70', '2003-11-08', 'M', 'Music'),
(10000071, 'bd9509aba7d1e5ab68bc526195d369f2418f26f044f5bc2c9af3871a486a6bd3', 'Ana', 'Reyes', 'ana.reyes1@example.com', '555-1304', 'REAN800101HDFRNN71', '1982-12-09', 'F', 'Mathematics'),
(10000072, 'bd9509aba7d1e5ab68bc526195d369f2418f26f044f5bc2c9af3871a486a6bd3', 'Hector', 'Ramos', 'hector.ramos@example.com', '555-1305', 'RAHE800101HDFRNN72', '1984-01-10', 'M', 'Physics'),
(10000073, 'bd9509aba7d1e5ab68bc526195d369f2418f26f044f5bc2c9af3871a486a6bd3', 'Isabel', 'Torres', 'isabel.torres@example.com', '555-1306', 'TOIS800101HDFRNN73', '1986-02-11', 'F', 'Chemistry'),
(10000074, 'bd9509aba7d1e5ab68bc526195d369f2418f26f044f5bc2c9af3871a486a6bd3', 'Martin', 'Sanchez', 'martin.sanchez@example.com', '555-1307', 'SAMA800101HDFRNN74', '1988-03-12', 'M', 'Biology'),
(10000075, 'bd9509aba7d1e5ab68bc526195d369f2418f26f044f5bc2c9af3871a486a6bd3', 'Gabriela', 'Perez', 'gabriela.perez@example.com', '555-1308', 'PEGA800101HDFRNN75', '1990-04-13', 'F', 'History'),
(10000076, 'bd9509aba7d1e5ab68bc526195d369f2418f26f044f5bc2c9af3871a486a6bd3', 'Raul', 'Fernandez', 'raul.fernandez@example.com', '555-1309', 'FERA800101HDFRNN76', '1992-05-14', 'M', 'Geography'),
(10000077, 'bd9509aba7d1e5ab68bc526195d369f2418f26f044f5bc2c9af3871a486a6bd3', 'Alicia', 'Gutierrez', 'alicia.gutierrez@example.com', '555-1310', 'GUAL800101HDFRNN77', '1994-06-15', 'F', 'Philosophy'),
(10000078, 'bd9509aba7d1e5ab68bc526195d369f2418f26f044f5bc2c9af3871a486a6bd3', 'Fernando', 'Ramirez', 'fernando.ramirez@example.com', '555-1311', 'RAFE800101HDFRNN78', '1996-07-16', 'M', 'Literature'),
(10000079, 'bd9509aba7d1e5ab68bc526195d369f2418f26f044f5bc2c9af3871a486a6bd3', 'Valeria', 'Torres', 'valeria.torres@example.com', '555-1312', 'TOVA800101HDFRNN79', '1998-08-17', 'F', 'Arts'),
(10000080, 'bd9509aba7d1e5ab68bc526195d369f2418f26f044f5bc2c9af3871a486a6bd3', 'Carlos', 'Morales', 'carlos.morales@example.com', '555-1313', 'MOCA800101HDFRNN80', '2000-09-18', 'M', 'Music'),
(10000081, 'bd9509aba7d1e5ab68bc526195d369f2418f26f044f5bc2c9af3871a486a6bd3', 'Sofia', 'Castro', 'sofia.castro@example.com', '555-1314', 'CASO800101HDFRNN81', '2002-10-19', 'F', 'Mathematics'),
(10000082, 'bd9509aba7d1e5ab68bc526195d369f2418f26f044f5bc2c9af3871a486a6bd3', 'Diego', 'Lopez', 'diego.lopez@example.com', '555-1315', 'LODI800101HDFRNN82', '1981-11-20', 'M', 'Physics'),
(10000083, 'bd9509aba7d1e5ab68bc526195d369f2418f26f044f5bc2c9af3871a486a6bd3', 'Elena', 'Hernandez', 'elena.hernandez@example.com', '555-1316', 'HEEL800101HDFRNN83', '1983-12-21', 'F', 'Chemistry'),
(10000084, 'bd9509aba7d1e5ab68bc526195d369f2418f26f044f5bc2c9af3871a486a6bd3', 'Manuel', 'Gonzalez', 'manuel.gonzalez@example.com', '555-1317', 'GOMA800101HDFRNN84', '1985-01-22', 'M', 'Biology'),
(10000085, 'bd9509aba7d1e5ab68bc526195d369f2418f26f044f5bc2c9af3871a486a6bd3', 'Lucia', 'Martinez', 'lucia.martinez@example.com', '555-1318', 'MALU800101HDFRNN85', '1987-02-23', 'F', 'History'),
(10000086, 'bd9509aba7d1e5ab68bc526195d369f2418f26f044f5bc2c9af3871a486a6bd3', 'Andres', 'Lopez', 'andres.lopez@example.com', '555-1319', 'LOAN800101HDFRNN86', '1989-03-24', 'M', 'Geography'),
(10000087, 'bd9509aba7d1e5ab68bc526195d369f2418f26f044f5bc2c9af3871a486a6bd3', 'Marta', 'Diaz', 'marta.diaz@example.com', '555-1320', 'DIMA800101HDFRNN87', '1991-04-25', 'F', 'Philosophy'),
(10000088, 'bd9509aba7d1e5ab68bc526195d369f2418f26f044f5bc2c9af3871a486a6bd3', 'Luis', 'Ramirez', 'luis.ramirez@example.com', '555-1321', 'RALO800101HDFRNN88', '1993-05-26', 'M', 'Literature'),
(10000089, 'bd9509aba7d1e5ab68bc526195d369f2418f26f044f5bc2c9af3871a486a6bd3', 'Rosa', 'Sanchez', 'rosa.sanchez@example.com', '555-1322', 'SARO800101HDFRNN89', '1995-06-27', 'F', 'Arts'),
(10000090, 'bd9509aba7d1e5ab68bc526195d369f2418f26f044f5bc2c9af3871a486a6bd3', 'Eduardo', 'Morales', 'eduardo.morales@example.com', '555-1323', 'MOED800101HDFRNN90', '1997-07-28', 'M', 'Music'),
(10000091, 'bd9509aba7d1e5ab68bc526195d369f2418f26f044f5bc2c9af3871a486a6bd3', 'Gloria', 'Perez', 'gloria.perez@example.com', '555-1324', 'PEGL800101HDFRNN91', '1999-08-29', 'F', 'Mathematics'),
(10000092, 'bd9509aba7d1e5ab68bc526195d369f2418f26f044f5bc2c9af3871a486a6bd3', 'Arturo', 'Gutierrez', 'arturo.gutierrez@example.com', '555-1325', 'GUAR800101HDFRNN92', '2001-09-30', 'M', 'Physics'),
(10000093, 'bd9509aba7d1e5ab68bc526195d369f2418f26f044f5bc2c9af3871a486a6bd3', 'Laura', 'Soto', 'laura.soto@example.com', '555-1326', 'SOLA800101HDFRNN93', '2003-10-01', 'F', 'Chemistry'),
(10000094, 'bd9509aba7d1e5ab68bc526195d369f2418f26f044f5bc2c9af3871a486a6bd3', 'Daniel', 'Garcia', 'daniel.garcia@example.com', '555-1327', 'GADA800101HDFRNN94', '1980-11-02', 'M', 'Biology'),
(10000095, 'bd9509aba7d1e5ab68bc526195d369f2418f26f044f5bc2c9af3871a486a6bd3', 'Angela', 'Lopez', 'angela.lopez@example.com', '555-1328', 'LOAN800101HDFRNN95', '1982-12-03', 'F', 'History'),
(10000096, 'bd9509aba7d1e5ab68bc526195d369f2418f26f044f5bc2c9af3871a486a6bd3', 'Rafael', 'Hernandez', 'rafael.hernandez@example.com', '555-1329', 'HERA800101HDFRNN96', '1984-01-04', 'M', 'Geography'),
(10000097, 'bd9509aba7d1e5ab68bc526195d369f2418f26f044f5bc2c9af3871a486a6bd3', 'Luz', 'Ramirez', 'luz.ramirez@example.com', '555-1330', 'RALO800101HDFRNN97', '1986-02-05', 'F', 'Philosophy');

INSERT INTO Coordinator (coordinatorId, password, firstName, lastName, email, phoneNumber, curp, birthDate, gender, area)
VALUES
(20000001, 'bd9509aba7d1e5ab68bc526195d369f2418f26f044f5bc2c9af3871a486a6bd3', 'Fernando', 'Castro', 'fernando.castro@example.com', '555-2244', 'CAFE800101HDFRNN11', '1980-11-11', 'M', 'Science'),
(20000002, 'bd9509aba7d1e5ab68bc526195d369f2418f26f044f5bc2c9af3871a486a6bd3', 'Lucia', 'Mendez', 'lucia.mendez@example.com', '555-2245', 'MELU800101HDFRNN12', '1982-12-12', 'F', 'Engineering'),
(20000003, 'bd9509aba7d1e5ab68bc526195d369f2418f26f044f5bc2c9af3871a486a6bd3', 'Alberto', 'Ruiz', 'alberto.ruiz@example.com', '555-2246', 'RUAL800101HDFRNN13', '1984-01-13', 'M', 'Humanities'),
(20000004, 'bd9509aba7d1e5ab68bc526195d369f2418f26f044f5bc2c9af3871a486a6bd3', 'Patricia', 'Ortiz', 'patricia.ortiz@example.com', '555-2247', 'ORPA800101HDFRNN14', '1986-02-14', 'F', 'Social Sciences'),
(20000005, 'bd9509aba7d1e5ab68bc526195d369f2418f26f044f5bc2c9af3871a486a6bd3', 'Roberto', 'Ramos', 'roberto.ramos@example.com', '555-2248', 'RARO800101HDFRNN15', '1988-03-15', 'M', 'Arts'),
(20000006, 'bd9509aba7d1e5ab68bc526195d369f2418f26f044f5bc2c9af3871a486a6bd3', 'Angela', 'Reyes', 'angela.reyes@example.com', '555-2249', 'REAN800101HDFRNN16', '1990-04-16', 'F', 'Business'),
(20000007, 'bd9509aba7d1e5ab68bc526195d369f2418f26f044f5bc2c9af3871a486a6bd3', 'Diego', 'Fuentes', 'diego.fuentes@example.com', '555-2250', 'FUDE800101HDFRNN17', '1992-05-17', 'M', 'Law'),
(20000008, 'bd9509aba7d1e5ab68bc526195d369f2418f26f044f5bc2c9af3871a486a6bd3', 'Natalia', 'Gomez', 'natalia.gomez@example.com', '555-2251', 'GONA800101HDFRNN18', '1994-06-18', 'F', 'Medicine'),
(20000009, 'bd9509aba7d1e5ab68bc526195d369f2418f26f044f5bc2c9af3871a486a6bd3', 'Ricardo', 'Vega', 'ricardo.vega@example.com', '555-2252', 'VERI800101HDFRNN19', '1996-07-19', 'M', 'Technology'),
(20000010, 'bd9509aba7d1e5ab68bc526195d369f2418f26f044f5bc2c9af3871a486a6bd3', 'Adriana', 'Morales', 'adriana.morales@example.com', '555-2253', 'MOAD800101HDFRNN20', '1998-08-20', 'F', 'Education');

INSERT INTO Student (studentId, password, firstName, lastName, email, phoneNumber, curp, birthDate, gender, career, semester)
VALUES
(22161096, 'bd9509aba7d1e5ab68bc526195d369f2418f26f044f5bc2c9af3871a486a6bd3', 'Cristian', 'Hernandez', 'cristian.hernandez@gmail.com', '9512125298', 'NAJO800101HDFRNN21', '2000-09-21', 'M', 'Sistemas Computacionales', 4),
(30000002, 'bd9509aba7d1e5ab68bc526195d369f2418f26f044f5bc2c9af3871a486a6bd3', 'Marina', 'Silva', 'marina.silva@example.com', '555-3345', 'SIMA800101HDFRNN22', '2001-10-22', 'F', 'Medicine', 2),
(30000003, 'bd9509aba7d1e5ab68bc526195d369f2418f26f044f5bc2c9af3871a486a6bd3', 'Fernando', 'Gonzalez', 'fernando.gonzalez@example.com', '555-3346', 'GOFE800101HDFRNN23', '2002-11-23', 'M', 'Law', 3),
(30000004, 'bd9509aba7d1e5ab68bc526195d369f2418f26f044f5bc2c9af3871a486a6bd3', 'Lucia', 'Reyes', 'lucia.reyes@example.com', '555-3347', 'RELU800101HDFRNN24', '2003-12-24', 'F', 'Business', 4),
(30000005, 'bd9509aba7d1e5ab68bc526195d369f2418f26f044f5bc2c9af3871a486a6bd3', 'Pedro', 'Ramirez', 'pedro.ramirez@example.com', '555-3348', 'RAPE800101HDFRNN25', '2004-01-25', 'M', 'Arts', 5),
(30000006, 'bd9509aba7d1e5ab68bc526195d369f2418f26f044f5bc2c9af3871a486a6bd3', 'Ana', 'Cruz', 'ana.cruz@example.com', '555-3349', 'CRAN800101HDFRNN26', '2005-02-26', 'F', 'Education', 6),
(30000007, 'bd9509aba7d1e5ab68bc526195d369f2418f26f044f5bc2c9af3871a486a6bd3', 'Miguel', 'Torres', 'miguel.torres@example.com', '555-3350', 'TOMI800101HDFRNN27', '2006-03-27', 'M', 'Technology', 7),
(30000008, 'bd9509aba7d1e5ab68bc526195d369f2418f26f044f5bc2c9af3871a486a6bd3', 'Sofia', 'Gomez', 'sofia.gomez@example.com', '555-3351', 'GOSO800101HDFRNN28', '2007-04-28', 'F', 'Science', 8),
(30000009, 'bd9509aba7d1e5ab68bc526195d369f2418f26f044f5bc2c9af3871a486a6bd3', 'Juan', 'Martinez', 'juan.martinez@example.com', '555-3352', 'MAJU800101HDFRNN29', '2008-05-29', 'M', 'Humanities', 9),
(30000010, 'bd9509aba7d1e5ab68bc526195d369f2418f26f044f5bc2c9af3871a486a6bd3', 'Marta', 'Lopez', 'marta.lopez@example.com', '555-3353', 'LOMA800101HDFRNN30', '2009-06-30', 'F', 'Philosophy', 10),
(30000101, 'bd9509aba7d1e5ab68bc526195d369f2418f26f044f5bc2c9af3871a486a6bd3', 'Carlos', 'Santos', 'carlos.santos@example.com', '555-3401', 'SACA800101HDFRNN31', '2000-01-01', 'M', 'Engineering', 1),
(30000102, 'bd9509aba7d1e5ab68bc526195d369f2418f26f044f5bc2c9af3871a486a6bd3', 'Maria', 'Diaz', 'maria.diaz@example.com', '555-3402', 'DIMA800101HDFRNN32', '2001-02-02', 'F', 'Medicine', 2),
(30000103, 'bd9509aba7d1e5ab68bc526195d369f2418f26f044f5bc2c9af3871a486a6bd3', 'Luis', 'Ramirez', 'luis.ramirez@example.com', '555-3403', 'RALA800101HDFRNN33', '2002-03-03', 'M', 'Law', 3),
(30000104, 'bd9509aba7d1e5ab68bc526195d369f2418f26f044f5bc2c9af3871a486a6bd3', 'Ana', 'Perez', 'ana.perez@example.com', '555-3404', 'PEAN800101HDFRNN34', '2003-04-04', 'F', 'Business', 4),
(30000105, 'bd9509aba7d1e5ab68bc526195d369f2418f26f044f5bc2c9af3871a486a6bd3', 'Miguel', 'Lopez', 'miguel.lopez@example.com', '555-3405', 'LOMI800101HDFRNN35', '2004-05-05', 'M', 'Arts', 5),
(30000106, 'bd9509aba7d1e5ab68bc526195d369f2418f26f044f5bc2c9af3871a486a6bd3', 'Elena', 'Gonzalez', 'elena.gonzalez@example.com', '555-3406', 'GOEL800101HDFRNN36', '2005-06-06', 'F', 'Education', 6),
(30000107, 'bd9509aba7d1e5ab68bc526195d369f2418f26f044f5bc2c9af3871a486a6bd3', 'Pedro', 'Martinez', 'pedro.martinez@example.com', '555-3407', 'MAPE800101HDFRNN37', '2006-07-07', 'M', 'Technology', 7),
(30000108, 'bd9509aba7d1e5ab68bc526195d369f2418f26f044f5bc2c9af3871a486a6bd3', 'Sofia', 'Torres', 'sofia.torres@example.com', '555-3408', 'TOSO800101HDFRNN38', '2007-08-08', 'F', 'Science', 8),
(30000109, 'bd9509aba7d1e5ab68bc526195d369f2418f26f044f5bc2c9af3871a486a6bd3', 'Juan', 'Gomez', 'juan.gomez@example.com', '555-3409', 'GOJU800101HDFRNN39', '2008-09-09', 'M', 'Humanities', 9),
(30000110, 'bd9509aba7d1e5ab68bc526195d369f2418f26f044f5bc2c9af3871a486a6bd3', 'Marta', 'Sanchez', 'marta.sanchez@example.com', '555-3410', 'SAMA800101HDFRNN40', '2009-10-10', 'F', 'Philosophy', 10),
(30000111, 'bd9509aba7d1e5ab68bc526195d369f2418f26f044f5bc2c9af3871a486a6bd3', 'Carlos', 'Garcia', 'carlos.garcia@example.com', '555-3411', 'GACA800101HDFRNN41', '2000-01-11', 'M', 'Engineering', 1),
(30000112, 'bd9509aba7d1e5ab68bc526195d369f2418f26f044f5bc2c9af3871a486a6bd3', 'Maria', 'Rodriguez', 'maria.rodriguez@example.com', '555-3412', 'ROMA800101HDFRNN42', '2001-02-12', 'F', 'Medicine', 2),
(30000113, 'bd9509aba7d1e5ab68bc526195d369f2418f26f044f5bc2c9af3871a486a6bd3', 'Luis', 'Hernandez', 'luis.hernandez@example.com', '555-3413', 'HELU800101HDFRNN43', '2002-03-13', 'M', 'Law', 3),
(30000114, 'bd9509aba7d1e5ab68bc526195d369f2418f26f044f5bc2c9af3871a486a6bd3', 'Ana', 'Ramirez', 'ana.ramirez@example.com', '555-3414', 'RAAN800101HDFRNN44', '2003-04-14', 'F', 'Business', 4),
(30000115, 'bd9509aba7d1e5ab68bc526195d369f2418f26f044f5bc2c9af3871a486a6bd3', 'Miguel', 'Diaz', 'miguel.diaz@example.com', '555-3415', 'DIMA800101HDFRNN45', '2004-05-15', 'M', 'Arts', 5),
(30000116, 'bd9509aba7d1e5ab68bc526195d369f2418f26f044f5bc2c9af3871a486a6bd3', 'Elena', 'Martinez', 'elena.martinez@example.com', '555-3416', 'MAEL800101HDFRNN46', '2005-06-16', 'F', 'Education', 6),
(30000117, 'bd9509aba7d1e5ab68bc526195d369f2418f26f044f5bc2c9af3871a486a6bd3', 'Pedro', 'Gonzalez', 'pedro.gonzalez@example.com', '555-3417', 'GOPE800101HDFRNN47', '2006-07-17', 'M', 'Technology', 7),
(30000118, 'bd9509aba7d1e5ab68bc526195d369f2418f26f044f5bc2c9af3871a486a6bd3', 'Sofia', 'Navarro', 'sofia.navarro@example.com', '555-3418', 'NASO800101HDFRNN48', '2007-08-18', 'F', 'Science', 8);

INSERT INTO Subject (name)
VALUES
('Matematicas Discretas'),
('Programacion Orientada a Objetos'),
('Metodos Numericos'),
('Taller de Sistemas Operativos'),
('Ecuaciones Diferenciales'),
('Calculo Diferencial'),
('Calculo Integral'),
('Fundamentos de Base de Datos'),
('Taller de Base de Datos'),
('Fundamentos de Programacion'),
('Algebra Lineal'),
('Fisica General'),
('Inteligencia Artificial'),
('Redes de Computadoras'),
('Sistemas Distribuidos'),
('Teoria de la Computacion'),
('Ingenieria de Software'),
('Seguridad Informatica'),
('Sistemas Expertos'),
('Contabilidad'),
('Vision por Computadora');

INSERT INTO `Group` (groupId)
VALUES
('4SA'),
('4SB'),
('4SC'),
('2SA'),
('2SB'),
('2SC'),
('3SA'),
('3SB'),
('3SC'),
('2CA'),
('4SD'),
('4SE'),
('4SF'),
('4SG'),
('4SH'),
('4SI'),
('4SJ'),
('4SK'),
('4SL'),
('4SM');

INSERT INTO GroupSubject (groupId, subjectId, startTime, endTime, teacherId, daysOfWeek, capacity)
VALUES
('4SA', 1, '08:00:00', '09:00:00', 12345678, 'LMX', 40),
('4SB', 2, '09:00:00', '10:00:00', 12345678, 'LMXJ', 40),
('4SC', 3, '10:00:00', '11:00:00', 12345678, 'LMXJV', 35),
('2SA', 4, '11:00:00', '12:00:00', 12345678, 'LMXJV', 30),
('2SB', 5, '13:00:00', '14:00:00', 12345678, 'LMXJV', 30),
('2SC', 6, '14:00:00', '15:00:00', 12345678, 'LMXJV', 30),
('3SA', 7, '14:00:00', '15:00:00', 10000001, 'LMXJV', 30),
('3SB', 8, '15:00:00', '16:00:00', 10000001, 'LMXJV', 30),
('3SC', 9, '16:00:00', '17:00:00', 10000001, 'LMXJV', 30),
('2CA', 10, '17:00:00', '18:00:00', 10000001, 'LMXJV', 30),
('4SA', 11, '07:00:00', '08:00:00', 10000001, 'LMX', 30),
('4SB', 12, '08:00:00', '09:00:00', 10000001, 'LMXJ', 30),
('4SC', 13, '09:00:00', '10:00:00', 10000013, 'LMXJV', 30),
('4SD', 14, '10:00:00', '11:00:00', 10000014, 'LMXJV', 30),
('4SE', 15, '11:00:00', '12:00:00', 10000015, 'LMXJV', 30),
('4SF', 16, '12:00:00', '13:00:00', 10000016, 'LMXJV', 30),
('4SG', 17, '13:00:00', '14:00:00', 10000017, 'LMXJV', 30),
('4SH', 18, '14:00:00', '15:00:00', 10000018, 'LMXJV', 30),
('4SI', 19, '15:00:00', '16:00:00', 10000019, 'LMXJV', 30),
('4SJ', 20, '16:00:00', '17:00:00', 10000020, 'LMXJV', 30),
('4SK', 1, '07:00:00', '08:00:00', 10000021, 'LMX', 30),
('4SL', 2, '08:00:00', '09:00:00', 10000022, 'LMXJ', 30),
('4SM', 3, '09:00:00', '10:00:00', 10000023, 'LMXJV', 30),
('4SA', 4, '10:00:00', '11:00:00', 10000024, 'LMXJV', 30),
('4SB', 5, '11:00:00', '12:00:00', 10000025, 'LMXJV', 30),
('4SC', 6, '12:00:00', '13:00:00', 10000026, 'LMXJV', 30),
('4SD', 7, '13:00:00', '14:00:00', 10000027, 'LMXJV', 30),
('4SE', 8, '14:00:00', '15:00:00', 10000028, 'LMXJV', 30),
('4SF', 9, '15:00:00', '16:00:00', 10000029, 'LMXJV', 30),
('4SG', 10, '16:00:00', '17:00:00', 10000030, 'LMXJV', 30),
('4SH', 11, '07:00:00', '08:00:00', 10000031, 'LMX', 30),
('4SI', 12, '08:00:00', '09:00:00', 10000032, 'LMXJ', 30),
('4SJ', 13, '09:00:00', '10:00:00', 10000033, 'LMXJV', 30),
('4SK', 14, '10:00:00', '11:00:00', 10000034, 'LMXJV', 30),
('4SL', 15, '11:00:00', '12:00:00', 10000035, 'LMXJV', 30),
('4SM', 16, '12:00:00', '13:00:00', 10000036, 'LMXJV', 30),
('4SA', 17, '13:00:00', '14:00:00', 10000037, 'LMXJV', 30),
('4SB', 18, '14:00:00', '15:00:00', 10000038, 'LMXJV', 30),
('4SC', 19, '15:00:00', '16:00:00', 10000039, 'LMXJV', 30),
('4SD', 10, '16:00:00', '17:00:00', 10000040, 'LMXJV', 30),
('4SE', 11, '07:00:00', '08:00:00', 10000041, 'LMX', 30),
('4SF', 12, '08:00:00', '09:00:00', 10000042, 'LMXJ', 30),
('4SG', 13, '09:00:00', '10:00:00', 10000043, 'LMXJV', 30),
('4SH', 14, '10:00:00', '11:00:00', 10000044, 'LMXJV', 30),
('4SI', 15, '11:00:00', '12:00:00', 10000045, 'LMXJV', 30),
('4SM', 16, '12:00:00', '13:00:00', 10000036,  'LMXJV', 40),
('4SK', 17, '13:00:00', '14:00:00', 10000047, 'LMXJV', 30),
('4SL', 18, '14:00:00', '15:00:00', 10000048, 'LMXJV', 30),
('4SM', 19, '15:00:00', '16:00:00', 10000049, 'LMXJV', 30),
('4SA', 20, '16:00:00', '17:00:00', 10000050, 'LMXJV', 30),
('4SB', 11, '07:00:00', '08:00:00', 10000051, 'LMX', 30),
('4SC', 12, '08:00:00', '09:00:00', 10000052, 'LMXJ', 30),
('4SD', 13, '09:00:00', '10:00:00', 10000053, 'LMXJV', 30),
('4SE', 14, '10:00:00', '11:00:00', 10000054, 'LMXJV', 30),
('4SF', 15, '11:00:00', '12:00:00', 10000055, 'LMXJV', 30),
('4SG', 16, '12:00:00', '13:00:00', 10000056, 'LMXJV', 30),
('4SH', 17, '13:00:00', '14:00:00', 10000057, 'LMXJV', 30),
('4SI', 18, '14:00:00', '15:00:00', 10000058, 'LMXJV', 30),
('4SJ', 19, '15:00:00', '16:00:00', 10000059, 'LMXJV', 30),
('4SK', 20, '16:00:00', '17:00:00', 10000060, 'LMXJV', 30),
('4SL', 11, '07:00:00', '08:00:00', 10000061, 'LMX', 30),
('4SM', 12, '08:00:00', '09:00:00', 10000062, 'LMXJ', 30),
('4SA', 13, '09:00:00', '10:00:00', 10000063, 'LMXJV', 30),
('4SB', 14, '10:00:00', '11:00:00', 10000064, 'LMXJV', 30),
('4SC', 15, '11:00:00', '12:00:00', 10000065, 'LMXJV', 30),
('4SD', 16, '12:00:00', '13:00:00', 10000066, 'LMXJV', 30),
('4SE', 17, '13:00:00', '14:00:00', 10000067, 'LMXJV', 30),
('4SF', 18, '14:00:00', '15:00:00', 10000068, 'LMXJV', 30),
('4SG', 19, '15:00:00', '16:00:00', 10000069, 'LMXJV', 30),
('4SH', 20, '16:00:00', '17:00:00', 10000070, 'LMXJV', 30),
('4SI', 11, '07:00:00', '08:00:00', 10000071, 'LMX', 30),
('4SJ', 12, '08:00:00', '09:00:00', 10000072, 'LMXJ', 30),
('4SK', 13, '09:00:00', '10:00:00', 10000073, 'LMXJV', 30),
('4SL', 14, '10:00:00', '11:00:00', 10000074, 'LMXJV', 30);

INSERT INTO Enrollment (studentId, groupSubjectId) VALUES 
(22161096, 1),
(30000002, 1),
(30000003, 1),
(30000004, 1),
(30000005, 1),
(30000006, 1),
(30000007, 1),
(30000008, 1),
(30000009, 1),
(30000010, 1),
(22161096, 2),
(22161096, 3),
(22161096, 4),
(22161096, 5),
(22161096, 6)